{
  "Parsing (ping packet)": {
    "hz": 39861.891819771794,
    "rme": 1.320279128435595
  },
  "Conversion (ping packet)": {
    "hz": 302227.6517656214,
    "rme": 0.5500951697537673
  },
  "Parsing (audio packet)": {
    "hz": 62404.56776079666,
    "rme": 2.293652619368516
  },
  "Conversion (audio packet)": {
    "hz": 647195.1028780278,
    "rme": 0.9059575387353518
  },
  "Parsing (serial packet)": {
    "hz": 60990.53713408312,
    "rme": 5.776899253634149
  },
  "Conversion (serial packet)": {
    "hz": 664492.2256981424,
    "rme": 0.836110579267357
  },
  "Parsing (text packet)": {
    "hz": 62775.9001513865,
    "rme": 2.0412449095618324
  },
  "Conversion (text packet)": {
    "hz": 645851.9575389563,
    "rme": 0.8031021487219282
  }
}